Consultas principales,Clics,Impresiones,CTR,Posición
academias ingles vigo,1,1,100%,1
my english,0,48,0%,37.19
spot,0,30,0%,7.9
english,0,19,0%,8
preparar first cambridge,0,13,0%,28.08
ielts,0,9,0%,9.33
learning english,0,8,0%,11
preparar first certificate,0,8,0%,26
first certificate preparacion,0,8,0%,32.12
my english tutor,0,8,0%,57.5
preparación first certificate,0,7,0%,30.86
open english,0,5,0%,4
como preparar el b2 first,0,5,0%,73.2
tutoring near me,0,4,0%,7
6 minutes english,0,4,0%,10
preparar el first de manera autodidacta,0,4,0%,26.5
preparación first certificate online,0,4,0%,27.5
ielts vigo,0,3,0%,6.33
spot english,0,3,0%,10
hours in english,0,3,0%,14.33
preparar first certificate online gratis,0,3,0%,18
preparar fce huesca,0,3,0%,35
my english class,0,3,0%,37
preparacion first certificate,0,3,0%,42
english spot,0,2,0%,8.5
private,0,2,0%,11
preparar fce online,0,2,0%,18
first certificate,0,2,0%,33
my english classes,0,2,0%,71.5
academia inglés,0,1,0%,1
call english,0,1,0%,1
private tutor,0,1,0%,1
the english spot,0,1,0%,3
spot ingles,0,1,0%,5
inglisg,0,1,0%,7
english learning,0,1,0%,11
english opening,0,1,0%,11
ielts english,0,1,0%,11
tutor e learning,0,1,0%,11
inglés,0,1,0%,12
six minutes english,0,1,0%,12
ielts coach,0,1,0%,13
tutor,0,1,0%,13
6 minute english,0,1,0%,14
engkish,0,1,0%,14
itelts,0,1,0%,14
preparacion first,0,1,0%,14
inglés profesional,0,1,0%,15
clases de inglés vigo,0,1,0%,16
horario in english,0,1,0%,16
english first certificate,0,1,0%,22
myenglish,0,1,0%,24
preparar first certificate online,0,1,0%,24
tutor vigo,0,1,0%,24
my english centre,0,1,0%,26
examenes de first online,0,1,0%,27
first preparation,0,1,0%,27
my english cup,0,1,0%,37
curso first certificate online,0,1,0%,43
miami english spot,0,1,0%,48
mi experto en ingles,0,1,0%,73